Title,Item Code,HTML,Link
Column Miter,clm-miter,clm-miter.html,clm-miter
Column,clm,clm.html,clm
Rosette,rrosette,rrosette.html,rrosette
Flat,rflat,rflat.html,rflat
Flat,mflat,mflat.html,mflat
Channel,mchannel,mchannel.html,mchannel
Fluted,mfluted,mfluted.html,mfluted
Column 100,clm-100,clm-100.html,clm-100
Column 101: Slab,clm-101,clm-101.html,clm-101
Column 201: Flat,clm-201,clm-201.html,clm-201
Column 202: Flat channel,clm-202,clm-202.html,clm-202
Column 203: Flat fluted,clm-203,clm-203.html,clm-203
Column 207: Rosette flat,clm-207,clm-207.html,clm-207
Column 208: Rosette channel,clm-208,clm-208.html,clm-208
Column 209: Rosette fluted,clm-209,clm-209.html,clm-209
Column 220: Top Flat flat,clm-220,clm-220.html,clm-220
Column 221: Top Flat channel,clm-221,clm-221.html,clm-221
Column 222: Top Flat fluted,clm-222,clm-222.html,clm-222
Column 226: Top Rosette flat,clm-226,clm-226.html,clm-226
Column 227: Top Rosette channel,clm-227,clm-227.html,clm-227
Column 228: Top Rosette fluted,clm-228,clm-228.html,clm-228
Column 250: Fluted,clm-250,clm-250.html,clm-250
Column 251: Channel,clm-251,clm-251.html,clm-251
Column 301: Wainscot,clm-301,clm-301.html,clm-301
